{"count":1,"self":177.2919168,"total":11020.6605788,"children":{"InitializeActuators":{"count":2,"self":0.0029919,"total":0.0029919,"children":null},"InitializeSensors":{"count":2,"self":0.0039895999999999994,"total":0.0039895999999999994,"children":null},"AgentSendState":{"count":1501150,"self":482.54259199999996,"total":531.0914773,"children":{"CollectObservations":{"count":600478,"self":0.94095149999999994,"total":0.94095149999999994,"children":null},"WriteActionMask":{"count":600478,"self":0.57432379999999994,"total":0.57432379999999994,"children":null},"RequestDecision":{"count":600478,"self":1.6528802,"total":47.0336297,"children":{"AgentInfo.ToProto":{"count":600478,"self":2.5896764,"total":45.3807495,"children":{"GenerateSensorData":{"count":600478,"self":34.2794976,"total":42.7910732,"children":{"RayPerceptionSensor.Perceive":{"count":1801434,"self":8.511576,"total":8.5115763,"children":null}}}}}}}}},"DecideAction":{"count":1501150,"self":10296.019353599999,"total":10296.0192324,"children":null},"AgentAct":{"count":1501150,"self":16.0645184,"total":16.0754867,"children":{"AgentInfo.ToProto":{"count":136,"self":0.0039889999999999995,"total":0.0109681,"children":{"GenerateSensorData":{"count":136,"self":0.004985,"total":0.0069790999999999994,"children":{"RayPerceptionSensor.Perceive":{"count":408,"self":0.0019941,"total":0.0019941,"children":null}}}}}}},"AgentInfo.ToProto":{"count":724,"self":0.0039886,"total":0.0737625,"children":{"GenerateSensorData":{"count":724,"self":0.050840699999999996,"total":0.0697739,"children":{"RayPerceptionSensor.Perceive":{"count":2172,"self":0.0189332,"total":0.0189332,"children":null}}}}}},"gauges":{"EliminationAgentSac.CumulativeReward":{"count":860,"max":6.00344038,"min":-24.570034,"runningAverage":-1.5878793,"value":0.510000765,"weightedAverage":0.713374138}},"metadata":{"timer_format_version":"0.1.0","start_time_seconds":"1651776657","unity_version":"2021.1.17f1","command_line_arguments":"D:\\Users\\Daniel\\Documents\\Github\\ProjectMLArena\\MLArena\\Builds\\MLBuild\\MLArena.exe --mlagents-port 5006 -logFile D:\\Users\\Daniel\\Documents\\Github\\ProjectMLArena\\MLArena\\Builds\\results\\EliminationAgentSac\\run_logs\\Player-1.log","communication_protocol_version":"1.5.0","com.unity.ml-agents_version":"2.1.0-exp.1","scene_name":"EliminationTraining","end_time_seconds":"1651787677"}}