{"count":1,"self":138.8740224,"total":643.4842127,"children":{"InitializeActuators":{"count":2,"self":0.0019946,"total":0.0019946,"children":null},"InitializeSensors":{"count":2,"self":0.0029925999999999998,"total":0.0029925999999999998,"children":null},"AgentSendState":{"count":256951,"self":4.6510571999999994,"total":8.2634328,"children":{"CollectObservations":{"count":102782,"self":0.23387519999999998,"total":0.23387519999999998,"children":null},"WriteActionMask":{"count":102782,"self":0.1131611,"total":0.1131611,"children":null},"RequestDecision":{"count":102782,"self":0.4754461,"total":3.2653391999999997,"children":{"AgentInfo.ToProto":{"count":102782,"self":0.4386496,"total":2.7898931,"children":{"GenerateSensorData":{"count":102782,"self":2.1399128,"total":2.3512435,"children":{"RayPerceptionSensor.Perceive":{"count":102782,"self":0.21133069999999998,"total":0.21133069999999998,"children":null}}}}}}}}},"DecideAction":{"count":256951,"self":494.7557376,"total":494.7557129,"children":null},"AgentAct":{"count":256951,"self":1.5790735,"total":1.5850571999999998,"children":{"AgentInfo.ToProto":{"count":163,"self":0.0009971,"total":0.0059837,"children":{"GenerateSensorData":{"count":163,"self":0.0039895,"total":0.0049866,"children":{"RayPerceptionSensor.Perceive":{"count":163,"self":0.0009971,"total":0.0009971,"children":null}}}}}}}},"gauges":{"RollerBotDef.CumulativeReward":{"count":88,"max":83.51658,"min":-1.42550039,"runningAverage":0.199486852,"value":-0.9855,"weightedAverage":15.4450417},"RollerBotAtk.CumulativeReward":{"count":75,"max":-0.6859991,"min":-93.0444641,"runningAverage":-2.56084728,"value":-4.951805,"weightedAverage":-12.443265}},"metadata":{"timer_format_version":"0.1.0","start_time_seconds":"1638836387","unity_version":"2021.1.17f1","command_line_arguments":"D:\\Program Files\\2021.1.17f1\\Editor\\Unity.exe -projectpath D:\/Users\/Daniel\/Documents\/Github\/ProjectMLArena\/MLArena -useHub -hubIPC -cloudEnvironment production -hubSessionId dbf9ff70-56bb-11ec-8a9a-49e84fac39cc -accessToken EiYPOJwRAZEp_s2PQ3kpry_gZShlcFdrJqJl0RNMCS0005f","communication_protocol_version":"1.5.0","com.unity.ml-agents_version":"2.1.0-exp.1","scene_name":"DevScene02","end_time_seconds":"1638837031"}}