{"count":1,"self":52.686284799999996,"total":53.601709,"children":{"InitializeActuators":{"count":2,"self":0.0029931999999999997,"total":0.0029931999999999997,"children":null},"InitializeSensors":{"count":2,"self":0.0049865,"total":0.0049865,"children":null},"AgentSendState":{"count":2312,"self":0.44924149999999996,"total":0.8096926,"children":{"CollectObservations":{"count":926,"self":0.020938599999999998,"total":0.020938599999999998,"children":null},"WriteActionMask":{"count":926,"self":0.0019935,"total":0.0019935,"children":null},"RequestDecision":{"count":926,"self":0.3185689,"total":0.33751899999999996,"children":{"RayPerceptionSensor.Perceive":{"count":926,"self":0.018950099999999998,"total":0.018950099999999998,"children":null}}}}},"DecideAction":{"count":2312,"self":0.028924799999999997,"total":0.028924799999999997,"children":null},"AgentAct":{"count":2312,"self":0.0678294,"total":0.0678294,"children":null}},"gauges":{},"metadata":{"timer_format_version":"0.1.0","start_time_seconds":"1646964398","unity_version":"2021.1.17f1","command_line_arguments":"D:\\Program Files\\2021.1.17f1\\Editor\\Unity.exe -projectpath D:\/Users\/Daniel\/Documents\/Github\/ProjectMLArena\/MLArena -useHub -hubIPC -cloudEnvironment production -hubSessionId cc64bd30-a098-11ec-90dd-fd6ea6594246","communication_protocol_version":"1.5.0","com.unity.ml-agents_version":"2.1.0-exp.1","scene_name":"EliminationTraining","end_time_seconds":"1646964452"}}