{"count":1,"self":538.60633599999994,"total":4499.5487097999994,"children":{"InitializeActuators":{"count":33,"self":0.0039889999999999995,"total":0.0039889999999999995,"children":null},"InitializeSensors":{"count":33,"self":0.0039889999999999995,"total":0.0039889999999999995,"children":null},"AgentSendState":{"count":668417,"self":1188.7253504,"total":1207.4156776,"children":{"CollectObservations":{"count":267370,"self":2.3030068,"total":2.3030067,"children":null},"WriteActionMask":{"count":267370,"self":0.30222669999999996,"total":0.30222669999999996,"children":null},"RequestDecision":{"count":267370,"self":1.4911743,"total":16.0851132,"children":{"AgentInfo.ToProto":{"count":267370,"self":1.2616782,"total":14.5939389,"children":{"GenerateSensorData":{"count":267370,"self":11.85318,"total":13.332260699999999,"children":{"RayPerceptionSensor.Perceive":{"count":267370,"self":1.4790808,"total":1.4790808,"children":null}}}}}}}}},"DecideAction":{"count":668417,"self":2739.6026368,"total":2739.6026247,"children":null},"AgentAct":{"count":668417,"self":13.8961376,"total":13.915087699999999,"children":{"AgentInfo.ToProto":{"count":148,"self":0.0019939,"total":0.0189503,"children":{"GenerateSensorData":{"count":148,"self":0.015959,"total":0.0169564,"children":{"RayPerceptionSensor.Perceive":{"count":148,"self":0.00099739999999999985,"total":0.00099739999999999985,"children":null}}}}}}},"AgentInfo.ToProto":{"count":14,"self":0,"total":0,"children":{"GenerateSensorData":{"count":14,"self":0,"total":0,"children":{"RayPerceptionSensor.Perceive":{"count":14,"self":0,"total":0,"children":null}}}}}},"gauges":{"EliminationAgent3.CumulativeReward":{"count":131,"max":0.9999753,"min":-1.889101,"runningAverage":-0.690911353,"value":-1.00005352,"weightedAverage":-0.71275866}},"metadata":{"timer_format_version":"0.1.0","start_time_seconds":"1650315937","unity_version":"2021.1.17f1","command_line_arguments":"D:\\Program Files\\2021.1.17f1\\Editor\\Unity.exe -projectpath D:\/Users\/Daniel\/Documents\/Github\/ProjectMLArena\/MLArena -useHub -hubIPC -cloudEnvironment production -hubSessionId 458ebdf0-bf34-11ec-a387-77084bbc62c4","communication_protocol_version":"1.5.0","com.unity.ml-agents_version":"2.1.0-exp.1","scene_name":"EliminationTraining","end_time_seconds":"1650320437"}}