{"count":1,"self":36.470262399999996,"total":38.654888799999995,"children":{"InitializeActuators":{"count":6,"self":0.001994,"total":0.001994,"children":null},"InitializeSensors":{"count":6,"self":0.0019947999999999997,"total":0.0019947999999999997,"children":null},"AgentSendState":{"count":1727,"self":1.689327,"total":1.7197482,"children":{"CollectObservations":{"count":2076,"self":0.0079779,"total":0.0079779,"children":null},"WriteActionMask":{"count":2076,"self":0.00099669999999999989,"total":0.00099669999999999989,"children":null},"RequestDecision":{"count":2076,"self":0.017459799999999998,"total":0.0214466,"children":{"RayPerceptionSensor.Perceive":{"count":1038,"self":0.0039867999999999995,"total":0.0039867999999999995,"children":null}}}}},"DecideAction":{"count":1727,"self":0.3741019,"total":0.39404859999999997,"children":{"RayPerceptionSensor.Perceive":{"count":5190,"self":0.019946699999999998,"total":0.019946699999999998,"children":null}}},"AgentAct":{"count":1727,"self":0.0658425,"total":0.0658425,"children":null},"RayPerceptionSensor.Perceive":{"count":9,"self":0,"total":0,"children":null}},"gauges":{"EliminationAgentBasic.CumulativeReward":{"count":21,"max":2.13929725,"min":-1.9000001,"runningAverage":0.144546032,"value":0.9595952,"weightedAverage":0.274054348}},"metadata":{"timer_format_version":"0.1.0","start_time_seconds":"1652036208","unity_version":"2021.1.17f1","command_line_arguments":"D:\\Program Files\\2021.1.17f1\\Editor\\Unity.exe -projectpath D:\/Users\/Daniel\/Documents\/Github\/ProjectMLArena\/MLArena -useHub -hubIPC -cloudEnvironment production -hubSessionId 5c459a60-cec4-11ec-85e4-ddb0241949fa","communication_protocol_version":"1.5.0","com.unity.ml-agents_version":"2.0.1","scene_name":"EliminationTraining","end_time_seconds":"1652036247"}}