{
    "name": "root",
    "gauges": {
        "EliminationAgentGail.Policy.Entropy.mean": {
            "value": 1.6475584506988525,
            "min": 1.6155401468276978,
            "max": 3.9615912437438965,
            "count": 60
        },
        "EliminationAgentGail.Policy.Entropy.sum": {
            "value": 32967.64453125,
            "min": 32142.787109375,
            "max": 80341.0703125,
            "count": 60
        },
        "EliminationAgentGail.Step.mean": {
            "value": 599899.0,
            "min": 9960.0,
            "max": 599899.0,
            "count": 60
        },
        "EliminationAgentGail.Step.sum": {
            "value": 599899.0,
            "min": 9960.0,
            "max": 599899.0,
            "count": 60
        },
        "EliminationAgentGail.Policy.ExtrinsicValueEstimate.mean": {
            "value": 0.18657943606376648,
            "min": -0.36158668994903564,
            "max": 0.2733064293861389,
            "count": 60
        },
        "EliminationAgentGail.Policy.ExtrinsicValueEstimate.sum": {
            "value": 16.79214859008789,
            "min": -31.09645652770996,
            "max": 25.964111328125,
            "count": 60
        },
        "EliminationAgentGail.Policy.GailValueEstimate.mean": {
            "value": 1.8202375173568726,
            "min": 1.398772954940796,
            "max": 3.7727017402648926,
            "count": 60
        },
        "EliminationAgentGail.Policy.GailValueEstimate.sum": {
            "value": 163.82138061523438,
            "min": 114.69937896728516,
            "max": 348.8527526855469,
            "count": 60
        },
        "EliminationAgentGail.Losses.PolicyLoss.mean": {
            "value": 0.06892144453789417,
            "min": 0.0622580275638029,
            "max": 0.07913734025981588,
            "count": 60
        },
        "EliminationAgentGail.Losses.PolicyLoss.sum": {
            "value": 0.34460722268947086,
            "min": 0.25118889434573555,
            "max": 0.3956867012990794,
            "count": 60
        },
        "EliminationAgentGail.Losses.ValueLoss.mean": {
            "value": 0.16404013995391628,
            "min": 0.09605344037214916,
            "max": 0.35085282001333934,
            "count": 60
        },
        "EliminationAgentGail.Losses.ValueLoss.sum": {
            "value": 0.8202006997695814,
            "min": 0.4142750856265718,
            "max": 1.6727886308605473,
            "count": 60
        },
        "EliminationAgentGail.Policy.LearningRate.mean": {
            "value": 2.4613991795666637e-06,
            "min": 2.4613991795666637e-06,
            "max": 0.000297321375892875,
            "count": 60
        },
        "EliminationAgentGail.Policy.LearningRate.sum": {
            "value": 1.2306995897833319e-05,
            "min": 1.2306995897833319e-05,
            "max": 0.0014624315125228333,
            "count": 60
        },
        "EliminationAgentGail.Policy.Epsilon.mean": {
            "value": 0.10082043333333335,
            "min": 0.10082043333333335,
            "max": 0.19910712500000002,
            "count": 60
        },
        "EliminationAgentGail.Policy.Epsilon.sum": {
            "value": 0.5041021666666667,
            "min": 0.4166128333333334,
            "max": 0.9874771666666667,
            "count": 60
        },
        "EliminationAgentGail.Policy.Beta.mean": {
            "value": 5.093962333333329e-05,
            "min": 5.093962333333329e-05,
            "max": 0.0049554455374999995,
            "count": 60
        },
        "EliminationAgentGail.Policy.Beta.sum": {
            "value": 0.00025469811666666643,
            "min": 0.00025469811666666643,
            "max": 0.024375110616666668,
            "count": 60
        },
        "EliminationAgentGail.Policy.GAILPolicyEstimate.mean": {
            "value": 0.13208307748039566,
            "min": 0.12189834062010049,
            "max": 0.3426598783755931,
            "count": 60
        },
        "EliminationAgentGail.Policy.GAILPolicyEstimate.sum": {
            "value": 0.6604153874019782,
            "min": 0.5433014957234263,
            "max": 1.684461531539758,
            "count": 60
        },
        "EliminationAgentGail.Policy.GAILExpertEstimate.mean": {
            "value": 0.8914376375575861,
            "min": 0.7095775765677292,
            "max": 0.9011962580184141,
            "count": 60
        },
        "EliminationAgentGail.Policy.GAILExpertEstimate.sum": {
            "value": 4.4571881877879305,
            "min": 2.838310306270917,
            "max": 4.505981290092071,
            "count": 60
        },
        "EliminationAgentGail.Losses.GAILLoss.mean": {
            "value": 0.3189853355909388,
            "min": 0.28774823645750686,
            "max": 0.8073714865992466,
            "count": 60
        },
        "EliminationAgentGail.Losses.GAILLoss.sum": {
            "value": 1.5949266779546938,
            "min": 1.2988134818151593,
            "max": 3.983007217446963,
            "count": 60
        },
        "EliminationAgentGail.Policy.GAILGradMagLoss.mean": {
            "value": 0.03422880636838575,
            "min": 0.03379097957319269,
            "max": 2.637851986723642,
            "count": 60
        },
        "EliminationAgentGail.Policy.GAILGradMagLoss.sum": {
            "value": 0.17114403184192878,
            "min": 0.14465986531771097,
            "max": 10.551407946894567,
            "count": 60
        },
        "EliminationAgentGail.Environment.EpisodeLength.mean": {
            "value": 415.47058823529414,
            "min": 246.97333333333333,
            "max": 857.9090909090909,
            "count": 60
        },
        "EliminationAgentGail.Environment.EpisodeLength.sum": {
            "value": 21189.0,
            "min": 17198.0,
            "max": 22909.0,
            "count": 60
        },
        "EliminationAgentGail.Self-play.ELO.mean": {
            "value": 1263.4892683773853,
            "min": 1199.4071550269787,
            "max": 1263.4892683773853,
            "count": 60
        },
        "EliminationAgentGail.Self-play.ELO.sum": {
            "value": 32850.720977812016,
            "min": 11994.071550269786,
            "max": 50439.788347791335,
            "count": 60
        },
        "EliminationAgentGail.Environment.CumulativeReward.mean": {
            "value": 0.8555520558013365,
            "min": -8.745741464197636,
            "max": 1.5711577184060042,
            "count": 60
        },
        "EliminationAgentGail.Environment.CumulativeReward.sum": {
            "value": 22.24435345083475,
            "min": -87.45741464197636,
            "max": 33.54524848796427,
            "count": 60
        },
        "EliminationAgentGail.Policy.ExtrinsicReward.mean": {
            "value": 0.8555520558013365,
            "min": -8.745741464197636,
            "max": 1.5711577184060042,
            "count": 60
        },
        "EliminationAgentGail.Policy.ExtrinsicReward.sum": {
            "value": 22.24435345083475,
            "min": -87.45741464197636,
            "max": 33.54524848796427,
            "count": 60
        },
        "EliminationAgentGail.Policy.GailReward.mean": {
            "value": 9.264285503295609,
            "min": 9.264285503295609,
            "max": 52.98384932354092,
            "count": 60
        },
        "EliminationAgentGail.Policy.GailReward.sum": {
            "value": 240.87142308568582,
            "min": 197.74449199950323,
            "max": 529.8384932354093,
            "count": 60
        },
        "EliminationAgentGail.IsTraining.mean": {
            "value": 1.0,
            "min": 1.0,
            "max": 1.0,
            "count": 60
        },
        "EliminationAgentGail.IsTraining.sum": {
            "value": 1.0,
            "min": 1.0,
            "max": 1.0,
            "count": 60
        }
    },
    "metadata": {
        "timer_format_version": "0.1.0",